	iLISI	cLISI
29x42	1.0	1.384145488461686
44x36	1.0	1.575255862261824
34x6	1.0	2.6476703269882167
42x19	1.0	2.935609873319291
41x6	1.0	2.9418484792709405
41x39	1.0	3.630995670833769
49x13	1.0	3.072580734217791
25x28	1.0	2.8398664781484007
12x1	1.0	1.6529072317065319
16x11	1.0	2.677683053601407
6x8	1.0	1.0629489120442959
29x19	1.0	1.9039668606822715
35x16	1.0	2.1109481468806948
14x43	1.0	1.9758509044500678
24x10	1.0	1.9601317042077895
6x40	1.0	2.8817589421483354
42x20	1.0	1.4719165222372004
20x33	1.0	2.2582489601022377
30x25	1.0	2.306272515134287
35x46	1.0	1.0629489120442959
35x14	1.0	2.9959884675462516
36x40	1.0	3.202203186188598
4x38	1.0	1.1124513000098186
14x38	1.0	1.9508174262050981
13x30	1.0	1.8049171046190822
46x8	1.0	2.765600488034496
32x21	1.0	2.148466688484431
9x36	1.0	2.188681744812619
45x16	1.0	2.951434471754623
8x10	1.0	3.0665806780180263
35x35	1.0	1.2297525316960332
35x1	1.0	2.6591307518499523
15x17	1.0	1.9330779810526384
46x39	1.0	2.893215416275173
17x39	1.0	2.686671699821933
49x48	1.0	1.7439436718422865
5x18	1.0	2.7987476643567044
23x38	1.0	3.258430336116542
38x39	1.0	2.525938098095473
24x40	1.0	2.878545495173431
12x11	1.0	1.2369229747208947
20x37	1.0	1.0629489120442959
36x24	1.0	1.6484878215654042
44x7	1.0	1.3666424669493191
9x44	1.0	1.1124513000098186
24x14	1.0	1.8910839906900008
11x21	1.0	2.5193360860301715
36x14	1.0	1.4751126949379068
44x46	1.0	1.7439436718422865
14x44	1.0	1.8049171046190822
32x18	1.0	2.7225322251997164
18x27	1.0	2.4511946292025506
22x6	1.0	2.6899421563383155
37x1	1.0	2.6843805923863693
37x47	1.0	2.4864291430326335
21x10	1.0	2.744540753839302
44x9	1.0	2.62670535546757
31x11	1.0	2.3438938433013834
29x14	1.0	2.8036406765605393
18x15	1.0	2.688102604884479
13x7	1.0	1.9222819344735451
40x36	1.0	1.9977119078325432
18x5	1.0	1.5726298710361442
3x32	1.0	2.6635475535412176
45x40	1.0	3.750866080342728
4x33	1.0	2.82101659856238
9x28	1.0	2.837193141756971
41x26	1.0	1.0629489120442959
23x17	1.0	2.354180960077407
14x36	1.0	2.027794764571714
25x10	1.0	2.967659239449202
8x48	1.0	2.1062965421047277
7x50	1.0	1.8445718166542613
31x36	1.0	2.185916906265565
38x43	1.0	2.309034179290272
20x40	1.0	3.030927352458051
17x23	1.0	2.9957769595984
35x10	1.0	1.4496604482346787
33x6	1.0	3.5729707093056597
38x22	1.0	2.1297125196619704
35x6	1.0	3.637292851901104
47x3	1.0	1.0629489120442959
20x11	1.0	1.5962425904568682
44x40	1.0	1.3164878102733308
41x19	1.0	1.9682070001819512
17x17	1.0	2.6411691894630955
37x45	1.0	1.530888750196174
47x34	1.0	1.0
7x49	1.0	3.0194243508604433
39x33	1.0	1.4984516851685856
38x50	1.0	2.7646706739655134
49x46	1.0	1.5691925832141966
1x42	1.0	1.9575883441585389
25x19	1.0	3.2812290651451983
22x21	1.0	1.2297525316960332
26x25	1.0	3.4396705023246352
15x25	1.0	2.4943737845909424
35x15	1.0	2.841983446822074
5x39	1.0	2.715280189889712
30x11	1.0	2.959234829425045
22x9	1.0	2.6926775031050516
23x49	1.0	1.9866161058722147
12x32	1.0	2.997660044100351
13x49	1.0	3.5780808207607526
33x11	1.0	2.0506514241681377
10x6	1.0	2.2749448836205666
42x27	1.0	2.6512692193833205
12x9	1.0	1.7133595312997691
16x23	1.0	2.9794460848505864
12x27	1.0	2.490483567340897
24x6	1.0	2.4824851782151747
37x35	1.0	2.2444031059069838
43x43	1.0	2.36615775373676
15x32	1.0	2.1819079689115917
20x25	1.0	3.3017512394163653
35x7	1.0	3.0640294444226663
32x39	1.0	1.5906821119239323
18x28	1.0	2.5779818793590965
44x35	1.0	1.6243278367756078
20x29	1.0	2.1653266300818306
11x19	1.0	3.165020465908648
6x28	1.0	3.4400450784949634
24x33	1.0	2.5756846657855994
22x35	1.0	3.541245074173297
26x40	1.0	2.8280779290243045
44x15	1.0	2.0517707325254904
46x49	1.0	2.2605591494796706
50x6	1.0	1.5599955778443344
46x23	1.0	1.8245777915484591
13x42	1.0	1.9684775005558242
48x36	1.0	2.039602688365169
19x6	1.0	1.9330732030716469
27x10	1.0	3.465061973412662
34x4	1.0	2.0980103610061733
15x23	1.0	1.9995061931586
20x31	1.0	2.0402934051281285
19x19	1.0	3.3029645776620717
12x2	1.0	1.7074284446371775
48x21	1.0	1.3769076856810996
23x15	1.0	2.0039739981785525
1x5	1.0	2.72983758287506
16x25	1.0	2.9853326887527034
35x34	1.0	1.4174111811317323
50x9	1.0	1.5726298710361442
42x45	1.0	2.013883257481945
38x33	1.0	1.1573636997031709
40x32	1.0	2.7294685770008704
17x49	1.0	2.3848418170522363
29x18	1.0	3.1652028319338807
50x49	1.0	2.0442612093532895
47x38	1.0	2.5860304717285745
11x12	1.0	1.0
49x17	1.0	2.874521114067521
5x38	1.0	2.295633506133007
21x15	1.0	3.480323274432364
39x40	1.0	3.003332965824623
14x6	1.0	3.075450465584303
7x19	1.0	2.0227709402638276
46x16	1.0	1.3498042102003092
35x22	1.0	3.2948596609288474
5x45	1.0	2.032763886494296
50x31	1.0	2.376409041411344
45x11	1.0	2.0452375227779993
50x13	1.0	3.370144190288496
49x40	1.0	1.7061964608091158
32x3	1.0	2.217544859781488
31x48	1.0	1.8945220472981728
38x38	1.0	2.9174785772731284
34x10	1.0	1.935147842354568
38x2	1.0	2.437072395294191
27x50	1.0	2.869533445063092
38x14	1.0	1.6743501066402542
48x50	1.0	3.2277719286640596
25x34	1.0	1.239315430729068
19x47	1.0	2.8508995971478095
20x10	1.0	1.0629489120442959
50x42	1.0	1.4189893581950943
28x22	1.0	2.310518383334887
13x39	1.0	1.8242223947745868
4x19	1.0	1.9566933233969104
30x28	1.0	2.7705197328296616
21x11	1.0	2.782312254240054
26x15	1.0	2.8046169698983445
50x40	1.0	2.949053233142297
47x27	1.0	3.461534661359229
30x35	1.0	2.795836121384841
42x29	1.0	3.32321563451216
44x50	1.0	2.2090883212586543
16x17	1.0	2.3967551759678107
27x45	1.0	2.754836248157872
32x8	1.0	2.923176805551071
40x34	1.0	1.4622587255979447
44x2	1.0	2.1922648178105395
49x8	1.0	1.9221674656833965
17x30	1.0	2.9440114478927883
30x32	1.0	2.4694067921753233
49x19	1.0	2.610421972267723
15x10	1.0	2.075002119094349
7x6	1.0	1.7206136920725739
32x43	1.0	1.8037010267212579
27x40	1.0	2.0421087887389064
11x46	1.0	3.4099848139929283
50x10	1.0	1.0
33x43	1.0	2.396318252800264
31x7	1.0	1.8852343166148258
8x19	1.0	1.6689534454660726
36x45	1.0	2.2673293653251902
39x50	1.0	2.9327403612867067
31x47	1.0	2.753473420758709
19x8	1.0	2.651268838439776
49x10	1.0	1.7750359878713748
30x7	1.0	1.3769076856810996
20x46	1.0	2.2547850449260958
48x1	1.0	2.0120288793558694
48x20	1.0	2.6998126190996765
13x2	1.0	2.027794764571714
50x39	1.0	3.3944201987190876
21x8	1.0	1.9304297974845601
26x41	1.0	1.6235381733797678
4x16	1.0	2.4364603013828794
45x50	1.0	2.2321911032398325
49x50	1.0	2.3164146276633324
5x49	1.0	2.9442124790569624
21x49	1.0	2.8275385434957334
36x8	1.0	2.374615401215153
3x4	1.0	1.721632177609972
15x18	1.0	2.1654242148849785
26x4	1.0	2.715644750086318
18x42	1.0	2.3317850219814455
15x30	1.0	1.5046535256247227
41x13	1.0	2.613031499454761
50x2	1.0	3.8309110014224643
35x17	1.0	2.2099012351175453
19x27	1.0	1.3957755818803457
14x49	1.0	3.4523397360381183
44x26	1.0	1.9955571994469739
17x47	1.0	2.912601159548733
32x7	1.0	2.7610247299713344
17x29	1.0	2.6217744210264957
50x4	1.0	2.916148283779584
25x4	1.0	2.89926386030035
48x18	1.0	2.408484771195258
14x16	1.0	1.805508457957155
15x44	1.0	1.5716435560366497
44x10	1.0	1.0
44x16	1.0	1.8898815748423097
16x20	1.0	2.0233255571273383
33x16	1.0	2.384275187098232
29x12	1.0	3.046714830774109
29x22	1.0	1.7750359878713748
6x5	1.0	1.9039668606822715
4x8	1.0	1.0
33x37	1.0	1.129719339224618
20x17	1.0	1.9601317042077895
33x15	1.0	3.038169635070378
30x10	1.0	2.6217428083475585
19x9	1.0	2.3174497643553416
38x25	1.0	2.3236214925846324
15x19	1.0	2.311013878258155
37x49	1.0	2.1770768436365775
16x15	1.0	1.6453874255231145
48x33	1.0	1.7653635436855506
48x16	1.0	3.1337522624277883
50x29	1.0	2.0
12x34	1.0	1.239315430729068
15x27	1.0	2.370244671610236
36x13	1.0	3.5344644167787953
8x35	1.0	2.517666939949556
24x30	1.0	3.0281423493792494
16x33	1.0	2.4891500094224717
42x1	1.0	2.6642026553147424
27x9	1.0	2.961031183572727
9x3	1.0	2.625048762611923
26x30	1.0	2.563260288609449
29x46	1.0	3.116037306260661
14x41	1.0	1.9822484180857005
39x3	1.0	2.0800259715381757
41x23	1.0	2.8523188523748653
27x25	1.0	2.6723198924304885
35x36	1.0	1.5572879060320108
45x9	1.0	1.9601317042077895
49x9	1.0	1.9938748725756539
36x3	1.0	1.129719339224618
49x24	1.0	2.3619331867173683
36x25	1.0	3.0190015741516465
40x4	1.0	2.3164146276633324
39x17	1.0	1.3143051175100187
24x50	1.0	1.634575078913038
17x20	1.0	2.933024693377101
27x32	1.0	2.981531196801221
14x18	1.0	2.230289511484238
20x32	1.0	2.609804273179323
47x30	1.0	2.871410653983031
26x47	1.0	2.6730372520349737
45x33	1.0	2.889249754707257
3x9	1.0	1.8353654659175547
50x8	1.0	1.3329097102826746
49x47	1.0	2.6857406903771324
50x14	1.0	1.8337144492035307
25x46	1.0	3.0255193131017792
21x13	1.0	3.4493270098076456
23x50	1.0	2.5827296591158158
16x18	1.0	2.2090883212586543
43x5	1.0	2.3312757697815583
24x4	1.0	2.8186063390881455
24x16	1.0	2.2876536954026223
11x50	1.0	2.5710646652322207
18x14	1.0	2.6846476969678164
13x41	1.0	1.7653635436855506
31x21	1.0	2.21429820001523
29x1	1.0	2.0484100397938714
49x1	1.0	2.4100164621730897
39x13	1.0	3.1565488041346006
42x6	1.0	3.120565458309404
48x41	1.0	1.988455217556566
14x22	1.0	1.6625198002000865
32x45	1.0	2.8431683968211305
26x27	1.0	2.848381958518997
47x1	1.0	3.0311169741426913
15x29	1.0	1.6703771883867882
8x15	1.0	1.3329097102826746
14x3	1.0	1.6940124438736743
29x9	1.0	3.100257813580104
9x38	1.0	2.433955823283899
42x40	1.0	1.8171361221640825
50x16	1.0	2.8223885021647024
33x45	1.0	2.102893253231465
43x11	1.0	2.1648418285626705
42x49	1.0	2.3835948792411186
19x45	1.0	1.8733068857244586
3x46	1.0	3.017136643752474
20x39	1.0	2.404383493314322
50x7	1.0	1.5572879060320108
8x1	1.0	1.4174111811317323
1x41	1.0	1.8093549644798672
44x34	1.0	1.3143051175100187
20x50	1.0	3.9826637394418967
9x9	1.0	2.1984356961191245
43x45	1.0	2.0400468399075185
17x4	1.0	3.484921293841528
27x8	1.0	2.031415840071604
21x38	1.0	1.7217035807492065
18x1	1.0	2.0748133752164315
49x6	1.0	1.4695444079955613
5x10	1.0	1.797830941146157
20x12	1.0	1.8358430560463772
40x16	1.0	2.1062965421047277
35x30	1.0	1.8748584677905173
41x45	1.0	1.6743501066402542
17x24	1.0	2.6411691894630955
16x32	1.0	2.8401914148662244
22x4	1.0	2.6580094540024795
35x33	1.0	1.1124513000098186
28x20	1.0	2.007805673043285
22x49	1.0	2.4390358555585254
1x27	1.0	2.5462803071072506
27x47	1.0	3.1417561170542676
34x18	1.0	2.3374505197953677
12x29	1.0	1.7975112933436428
42x4	1.0	1.9405389688048973
29x21	1.0	2.0
14x4	1.0	3.5805002100740304
45x15	1.0	2.1858434469202965
41x7	1.0	3.514031295589369
16x42	1.0	2.612730231609331
30x29	1.0	2.2838000504366773
34x16	1.0	3.793874828475101
31x29	1.0	2.6940493916295805
41x16	1.0	1.8897145367424808
9x1	1.0	2.4521066586410045
49x38	1.0	2.8062165704212205
38x37	1.0	2.36615775373676
10x49	1.0	2.9333781613893612
20x49	1.0	2.6183467988970675
46x50	1.0	2.464342747855877
41x4	1.0	2.729901176621995
32x41	1.0	1.8852343166148258
14x17	1.0	2.5375357291000986
9x22	1.0	3.0967354608839
49x35	1.0	1.963022091324184
32x35	1.0	2.4028795943021843
26x19	1.0	2.343601828061845
44x24	1.0	2.336573541485641
38x24	1.0	1.7448121572448774
16x22	1.0	3.4895408593020893
2x37	1.0	3.4182657737182702
15x26	1.0	1.6722136233049663
25x13	1.0	2.5050788894419544
1x25	1.0	1.856273294644016
14x45	1.0	3.327820071814157
5x32	1.0	2.8252838437558614
5x27	1.0	2.5094481276561345
20x1	1.0	2.4528985496016817
50x46	1.0	1.805508457957155
13x32	1.0	3.030791611249526
41x32	1.0	3.222955865883543
2x14	1.0	2.7186919902766054
5x15	1.0	3.2442926550257134
7x3	1.0	3.095075135491878
12x35	1.0	2.6193434722519684
34x47	1.0	2.396076660311373
1x1	1.0	2.384182433599819
31x46	1.0	1.0
47x12	1.0	2.7691937656350345
43x35	1.0	2.4864834860849347
48x47	1.0	3.3433499380156886
41x11	1.0	1.9282672956001603
9x14	1.0	1.9121906583472943
24x36	1.0	2.8547273616483144
32x46	1.0	2.2889884090600052
47x45	1.0	2.7932688869427844
50x12	1.0	2.458197758992599
44x45	1.0	2.8682008860468073
20x18	1.0	3.1091145869022103
25x33	1.0	1.0629489120442959
49x30	1.0	2.662767435255195
2x49	1.0	3.064794476069115
30x21	1.0	2.5376098160921874
11x32	1.0	3.4446817341820464
3x33	1.0	2.9477929124640334
3x16	1.0	1.9171085279079858
19x33	1.0	2.3627373605838025
16x46	1.0	2.0424836812080622
27x27	1.0	2.232680751428626
12x40	1.0	2.2501690383898287
10x23	1.0	2.1722120214840586
29x23	1.0	2.917518933431122
1x19	1.0	2.9740092201121517
10x46	1.0	2.723130881712623
32x15	1.0	3.390978043636209
1x31	1.0	1.8982012697205304
3x1	1.0	2.9251714434578653
14x23	1.0	1.8002815460214867
37x32	1.0	2.439258840528431
41x47	1.0	1.9489892728668505
29x40	1.0	2.5140746645797987
18x16	1.0	1.7750359878713748
47x40	1.0	1.1124513000098186
15x9	1.0	3.174263148071605
25x44	1.0	1.129719339224618
10x7	1.0	2.9440114478927883
46x1	1.0	3.116820075030111
29x37	1.0	3.264706294041819
23x16	1.0	1.99210395551597
32x16	1.0	2.298937595343674
10x37	1.0	2.3514843549159763
14x46	1.0	2.645893030264557
27x16	1.0	1.8500425520989816
50x37	1.0	1.1993986213536356
46x9	1.0	2.4877193860946356
6x27	1.0	3.753088391185228
20x42	1.0	1.9822484180857005
41x49	1.0	2.261714518531327
40x25	1.0	2.8462218919602535
8x6	1.0	2.101624083213941
26x45	1.0	2.7731569190272274
7x28	1.0	1.9997554247116354
24x42	1.0	3.4352674433991006
28x4	1.0	1.3143051175100187
43x4	1.0	2.4037441948596068
31x3	1.0	1.3164878102733308
47x18	1.0	1.9822484180857005
11x40	1.0	1.6036034862338133
15x24	1.0	1.4622587255979447
35x13	1.0	3.1457504723141048
27x18	1.0	2.141918635352073
1x6	1.0	1.9892945632210808
3x5	1.0	1.5274675530239774
30x47	1.0	3.2050019516460404
47x4	1.0	1.721632177609972
30x23	1.0	2.794796246206976
45x47	1.0	3.959426143194992
33x24	1.0	2.490483567340897
21x16	1.0	2.0810670619413116
5x35	1.0	3.461534661359229
3x35	1.0	2.8841472415392424
22x17	1.0	2.6818720614976406
28x45	1.0	1.353599817927607
28x27	1.0	1.129719339224618
12x20	1.0	2.484454167777873
31x32	1.0	2.0442612093532895
27x37	1.0	2.6899421563383155
13x46	1.0	2.42359273954605
23x46	1.0	2.653286369299784
12x33	1.0	2.916148283779584
29x43	1.0	2.527297884374563
22x13	1.0	2.3870376735267573
18x6	1.0	2.7559341454965542
15x46	1.0	1.5726298710361442
9x32	1.0	2.102893253231465
9x10	1.0	2.185916906265565
17x15	1.0	1.99729298040169
38x19	1.0	2.917518933431122
30x5	1.0	1.755458050034265
13x13	1.0	1.0
46x46	1.0	2.1648418285626705
35x31	1.0	2.065103739008911
37x3	1.0	1.8508698158770196
18x18	1.0	3.1279875901907523
1x39	1.0	1.3141181485141191
39x10	1.0	3.0215174986098883
2x36	1.0	1.6625450058316948
12x21	1.0	2.684715331147626
1x14	1.0	1.805508457957155
25x45	1.0	2.6217114055718547
45x43	1.0	1.787629354658571
19x3	1.0	1.8002815460214867
3x10	1.0	2.24756989360337
44x25	1.0	2.376122528424108
26x24	1.0	2.643641024986398
32x9	1.0	3.5682612042112685
12x16	1.0	2.7708531926848963
15x20	1.0	2.2582489601022377
40x1	1.0	1.5661241033400717
41x33	1.0	1.2775319170740629
47x20	1.0	2.796739017408656
40x3	1.0	2.182047990308093
43x6	1.0	2.87606839210026
24x21	1.0	2.9261985257899057
14x28	1.0	2.2444031059069838
48x15	1.0	2.2444031059069838
38x13	1.0	2.4659322733310054
1x15	1.0	2.3637139066668924
45x30	1.0	2.5790544921153065
49x23	1.0	2.251668004505072
49x2	1.0	3.9894106476174835
47x11	1.0	1.3957755818803457
30x39	1.0	3.0684079061689378
4x21	1.0	1.9992374941957325
20x19	1.0	1.3498042102003092
29x17	1.0	2.9431811486929997
41x38	1.0	2.497462811966096
34x34	1.0	1.0
38x30	1.0	1.0
40x47	1.0	3.0837046146001486
33x23	1.0	3.5879514202510454
42x16	1.0	2.2745398756027657
42x7	1.0	1.8097050953689338
9x33	1.0	3.5595960944904
25x36	1.0	1.817774643532472
36x15	1.0	2.9603340447196227
49x25	1.0	1.926992331359097
49x20	1.0	3.981851747712357
38x7	1.0	2.4874186660193356
11x30	1.0	1.4622587255979447
47x49	1.0	2.1984356961191245
35x5	1.0	3.384660301842428
43x1	1.0	1.6339160394600947
38x21	1.0	2.724911106873089
39x16	1.0	1.8863641375163513
37x8	1.0	1.9617957555178487
50x25	1.0	1.8748584677905173
32x10	1.0	1.8256696656512974
33x22	1.0	2.734297198559863
21x20	1.0	2.9899999702034843
4x43	1.0	3.2355187227416855
11x4	1.0	2.3969237532761407
31x13	1.0	1.9316749438197114
48x19	1.0	1.797830941146157
42x28	1.0	2.827737515325356
49x27	1.0	2.532569885540829
43x31	1.0	1.99729298040169
17x32	1.0	2.6930991683710195
18x46	1.0	2.557446770797575
15x50	1.0	2.505773866498398
7x14	1.0	1.7206136920725739
2x8	1.0	1.0629489120442959
14x7	1.0	3.9197512741738856
15x33	1.0	1.1573636997031709
48x43	1.0	1.709752535858155
50x15	1.0	2.5505163186619964
7x38	1.0	2.9455506226976285
45x19	1.0	1.5726298710361442
13x25	1.0	2.8398664781484007
26x33	1.0	2.9468666914161927
48x26	1.0	2.7401335865429495
36x38	1.0	3.0074559007033033
26x13	1.0	2.3906797678842002
42x23	1.0	3.3421116602155436
49x21	1.0	1.0
30x19	1.0	2.1891982144389615
21x19	1.0	3.151342357881646
31x17	1.0	2.922866594315899
15x49	1.0	1.4174111811317323
25x37	1.0	1.9995061931586
12x37	1.0	2.5094481276561345
11x33	1.0	1.957773851276386
43x2	1.0	2.5092577738860466
36x46	1.0	1.1993986213536356
5x19	1.0	1.957773851276386
14x20	1.0	3.2762263728397647
22x18	1.0	2.9234360768670538
41x22	1.0	3.4201339345260866
43x29	1.0	2.356590464886904
23x24	1.0	2.8870989044012454
32x19	1.0	2.188681744812619
9x49	1.0	2.7518471590576925
32x49	1.0	2.6085812552466896
46x45	1.0	2.5179992350730145
10x2	1.0	2.146224493342787
49x15	1.0	3.3103893974059204
13x34	1.0	1.5386713202643842
38x3	1.0	2.556996604245098
37x22	1.0	2.9122659472293546
37x30	1.0	2.2605591494796706
48x17	1.0	1.8420227750373133
25x3	1.0	2.4951115302889666
11x49	1.0	1.9057177148871494
24x43	1.0	2.800363437000093
49x42	1.0	2.7495197667775537
34x3	1.0	1.8748584677905173
36x30	1.0	3.070700112863623
38x1	1.0	2.9573195151866454
16x26	1.0	1.5386713202643842
11x43	1.0	2.349999185593815
13x14	1.0	2.3254242610822717
42x8	1.0	2.3180381222626174
23x8	1.0	2.433874456564629
6x6	1.0	2.8024005251229123
31x12	1.0	3.2200178388940883
47x43	1.0	1.384145488461686
41x30	1.0	2.229591873920416
20x15	1.0	1.956904093918261
10x4	1.0	1.742076667867281
34x45	1.0	1.8171361221640825
6x14	1.0	2.48465178266129
4x46	1.0	2.013836259965811
7x36	1.0	2.0873711123196173
19x20	1.0	2.5864409070087016
36x5	1.0	3.5828853870978525
1x28	1.0	2.5376098160921874
29x16	1.0	2.4864834860849347
17x6	1.0	3.333330148452349
23x37	1.0	2.4838120135246604
36x33	1.0	1.5705781412513098
16x39	1.0	2.6849089740187053
40x9	1.0	2.853322817629751
39x22	1.0	2.812002480832563
8x5	1.0	3.1261143147108066
11x1	1.0	1.9997554247116354
47x50	1.0	2.5089745268512194
34x46	1.0	2.3164146276633324
21x28	1.0	3.2050019516460404
9x7	1.0	2.1242691030244893
16x38	1.0	1.9980250163188582
42x33	1.0	2.377363058375698
1x20	1.0	1.9758509044500678
5x23	1.0	3.345959194980403
15x1	1.0	2.7648061077273836
7x37	1.0	2.4415314123663587
47x13	1.0	3.0024224111817075
17x1	1.0	1.480936217579442
4x5	1.0	2.3753779686976384
33x19	1.0	1.4984516851685856
48x38	1.0	2.66004970797555
43x16	1.0	2.0142802092369325
38x47	1.0	2.6118390012224846
9x2	1.0	3.1820346339512664
26x50	1.0	2.0570940564291593
44x27	1.0	2.7562269376955597
48x4	1.0	1.539055117579496
45x10	1.0	1.7439436718422865
35x32	1.0	1.384145488461686
1x4	1.0	2.292755984129124
41x37	1.0	2.6431912873731656
40x33	1.0	2.8312746595273066
28x24	1.0	2.7586542837567753
39x34	1.0	1.1124513000098186
34x38	1.0	1.6753246265664317
7x31	1.0	1.0
16x12	1.0	1.7646947609398522
43x28	1.0	2.8944210691943013
28x37	1.0	2.6411691894630955
15x6	1.0	2.0575625195391343
43x39	1.0	2.6671872942792296
7x24	1.0	1.5691925832141966
47x22	1.0	1.3569045427875668
11x31	1.0	1.6984332340231805
15x14	1.0	1.9955571994469739
49x37	1.0	2.0402934051281285
28x49	1.0	3.497068092519552
9x35	1.0	4.193206984269067
4x15	1.0	2.9553576995891975
4x49	1.0	1.8109418084551194
12x10	1.0	2.8015998018885844
10x36	1.0	1.9995061931586
1x13	1.0	1.9927584607442543
33x47	1.0	2.17361831123197
32x38	1.0	2.470500820321807
7x2	1.0	1.9758509044500678
22x31	1.0	1.2775319170740629
10x48	1.0	1.858903507711174
44x1	1.0	2.532569885540829
14x40	1.0	2.172129823283405
20x27	1.0	3.0279139096887
41x35	1.0	2.560777845082541
16x6	1.0	3.8631908263928882
10x27	1.0	2.146475981437957
35x19	1.0	1.5067447501652917
48x30	1.0	3.049868365082186
2x23	1.0	1.7074284446371775
36x49	1.0	2.6918927034293745
41x12	1.0	1.9508174262050981
26x20	1.0	2.2580494661649877
43x30	1.0	2.4754863163755867
6x25	1.0	2.0368926078531424
24x8	1.0	2.547990637344604
18x30	1.0	2.7699539605557533
32x11	1.0	2.224755592536377
8x27	1.0	2.1013498286422427
19x14	1.0	2.5234518076173718
27x22	1.0	2.6545588102353204
48x14	1.0	3.586016959090901
21x12	1.0	1.5179668634033427
13x40	1.0	1.9039668606822715
46x18	1.0	1.9508174262050981
20x6	1.0	2.295633506133007
38x6	1.0	3.24173342071811
22x36	1.0	1.9304297974845601
22x42	1.0	1.9880642846876742
21x35	1.0	3.3381487099951377
6x46	1.0	2.4555374579812397
39x29	1.0	2.4107453745050753
26x1	1.0	3.1373780627389207
8x49	1.0	1.4315605939072482
18x4	1.0	1.935561295335066
21x6	1.0	2.151925991115854
40x31	1.0	1.9684775005558242
45x23	1.0	3.2667192933910285
46x21	1.0	1.8665169407472009
16x8	1.0	1.721632177609972
2x40	1.0	2.863463456520858
27x21	1.0	1.6984332340231805
27x38	1.0	1.5494856639063164
10x38	1.0	1.4315605939072482
12x47	1.0	2.7731569190272274
18x20	1.0	2.885801451524155
44x49	1.0	3.461534661359229
50x26	1.0	2.439312732925543
27x5	1.0	1.2297525316960332
45x13	1.0	3.2490938442244293
32x30	1.0	2.6591307518499523
31x25	1.0	2.2613487502348786
50x32	1.0	2.9573251987924674
33x42	1.0	3.596522360589088
31x30	1.0	2.916148283779584
44x39	1.0	3.4470482675146767
32x20	1.0	1.7976191361471927
11x35	1.0	1.7133595312997691
4x22	1.0	2.4771568467988803
42x38	1.0	2.367864146469021
5x36	1.0	2.902316456313938
46x24	1.0	2.489616922357828
35x12	1.0	2.11672183097529
25x43	1.0	3.122242761959774
27x24	1.0	1.8748584677905173
1x10	1.0	1.7858869300686604
1x23	1.0	2.3765915535625295
3x19	1.0	1.9442878511858976
9x19	1.0	2.414384031351245
46x30	1.0	2.163837788870825
32x36	1.0	2.240309431820123
17x18	1.0	1.843621427163446
30x17	1.0	1.7337431870269389
45x4	1.0	2.5587595701794332
48x24	1.0	1.839400514720894
20x36	1.0	3.1540336846055856
32x26	1.0	1.9293010006713525
40x43	1.0	1.6753246265664317
11x14	1.0	2.92538023325851
24x5	1.0	2.203167130412069
19x4	1.0	1.9073938881318346
6x37	1.0	3.445276432313094
15x11	1.0	2.148466688484431
28x3	1.0	1.1993986213536356
48x23	1.0	2.1038716910817303
44x33	1.0	1.1124513000098186
26x5	1.0	3.0107937501357203
11x42	1.0	2.5614940387512015
16x10	1.0	2.244444168517047
43x23	1.0	2.3908496068809355
40x39	1.0	2.1357872820419557
19x16	1.0	1.5217114201886668
26x12	1.0	2.3740359121275514
8x33	1.0	2.372381029552474
50x23	1.0	2.0735242450919915
26x49	1.0	2.083280883758133
38x12	1.0	2.991711601229192
18x49	1.0	2.115618637326186
48x9	1.0	2.2582489601022377
31x6	1.0	2.382053603104955
31x45	1.0	2.0907047609910903
17x38	1.0	2.406038020437187
31x2	1.0	1.3329097102826746
40x10	1.0	2.3765140133575215
32x27	1.0	1.9038111961127906
29x11	1.0	3.3560288118363233
30x34	1.0	1.0
14x8	1.0	2.388139737126737
18x33	1.0	3.2575678857452814
36x27	1.0	2.964995387443097
25x5	1.0	1.9156152102911859
10x47	1.0	2.984512023718451
20x43	1.0	2.115618637326186
15x2	1.0	2.4744929474663246
35x43	1.0	2.1243185928387525
12x45	1.0	2.4395719328521293
46x10	1.0	1.7858869300686604
46x2	1.0	2.760005258983541
19x18	1.0	2.3753779686976384
38x42	1.0	3.351597346431631
17x9	1.0	3.080566311466113
41x27	1.0	3.4233873757059636
49x12	1.0	1.7685656356352073
7x45	1.0	2.664392064999223
22x3	1.0	2.0907047609910903
30x38	1.0	1.8481544517046582
44x43	1.0	1.2865300266079056
41x3	1.0	1.612108618471457
44x5	1.0	2.1919264175225273
10x25	1.0	1.3329097102826746
41x25	1.0	2.887189106819788
10x19	1.0	1.9038111961127906
30x8	1.0	2.5539647682647835
33x35	1.0	2.5614940387512015
39x27	1.0	2.92841988786746
5x43	1.0	1.0629489120442959
38x17	1.0	1.99210395551597
6x35	1.0	2.235481438970205
33x20	1.0	2.0989301250398373
50x30	1.0	2.66709451280821
39x32	1.0	2.485134355251687
31x22	1.0	3.8801075085882224
22x37	1.0	1.6984332340231805
2x22	1.0	1.6235381733797678
5x9	1.0	1.5046535256247227
1x2	1.0	2.239192071322566
3x28	1.0	2.7917851165800562
24x44	1.0	1.0629489120442959
22x33	1.0	2.257021483093202
12x50	1.0	2.27369360063916
25x23	1.0	2.6193434722519684
33x27	1.0	2.7775207332939145
48x29	1.0	1.9086019437827833
25x18	1.0	2.6091094976718936
48x31	1.0	3.042398378059794
43x27	1.0	3.1130229192873498
36x2	1.0	2.3586871469317945
38x10	1.0	1.4174111811317323
27x6	1.0	1.5067447501652917
11x5	1.0	1.7717128000477056
31x10	1.0	1.3143051175100187
38x8	1.0	1.0
39x42	1.0	1.6743501066402542
49x4	1.0	1.9633860841926345
21x44	1.0	1.817774643532472
36x22	1.0	3.0490275506023905
1x18	1.0	3.0646253838575794
41x14	1.0	1.6213085487902676
42x2	1.0	2.2444031059069838
35x38	1.0	2.146224493342787
50x35	1.0	1.4496604482346787
6x47	1.0	2.0655496810220875
46x41	1.0	1.480936217579442
32x25	1.0	3.0894594020288038
25x25	1.0	1.997825025535826
48x8	1.0	1.1124513000098186
12x46	1.0	3.187740070774243
21x22	1.0	3.7241115288820854
25x35	1.0	2.075002119094349
2x13	1.0	1.3143051175100187
38x46	1.0	1.1573636997031709
31x31	1.0	1.8657097653001318
25x50	1.0	2.784654161543004
45x5	1.0	2.3945494434117487
29x39	1.0	2.5284774782180004
23x26	1.0	2.062221675989085
2x47	1.0	2.8817589421483354
50x36	1.0	2.7135119161697703
32x33	1.0	1.4315605939072482
48x35	1.0	2.1984356961191245
20x7	1.0	2.1062698234203547
39x20	1.0	1.9462402036721924
41x17	1.0	2.2501690383898287
47x33	1.0	1.9508753765138143
1x33	1.0	2.7150122255031084
42x14	1.0	1.9039668606822715
24x46	1.0	3.1473900293777377
43x25	1.0	1.6676660500950307
20x16	1.0	2.1335888365422626
23x4	1.0	2.338484409483369
19x41	1.0	1.9876669750024174
1x21	1.0	2.1803122493975007
15x21	1.0	2.0293753113770467
6x20	1.0	1.770035889121735
4x2	1.0	1.6103257174420074
27x4	1.0	3.1386639194468606
13x18	1.0	2.5870288001776682
41x46	1.0	1.1124513000098186
24x7	1.0	2.2814096647314406
50x28	1.0	1.384145488461686
42x10	1.0	3.1038339082776383
47x6	1.0	2.7954430202343485
35x8	1.0	2.1735437591036493
40x5	1.0	1.8748584677905173
29x20	1.0	1.742252387574076
3x8	1.0	1.0629489120442959
5x16	1.0	1.742076667867281
13x38	1.0	1.2369229747208947
24x25	1.0	3.105154684171446
42x48	1.0	1.5968086490910351
5x46	1.0	3.551674474371082
29x32	1.0	2.013883257481945
30x33	1.0	1.520093436188189
5x21	1.0	3.064794476069115
15x37	1.0	1.0629489120442959
40x35	1.0	1.9716289057225598
4x1	1.0	2.837717522196157
48x45	1.0	2.5191543847219955
17x21	1.0	1.6883518814736371
25x14	1.0	1.8982012697205304
22x25	1.0	3.519201363559056
16x9	1.0	3.1931685671016536
37x31	1.0	1.6947383602590194
16x41	1.0	1.7439436718422865
20x21	1.0	2.9410731531321086
44x19	1.0	1.8703081933241932
24x45	1.0	3.067681267118679
32x42	1.0	2.4963551644445428
11x47	1.0	2.427700966062058
28x23	1.0	1.5691925832141966
46x25	1.0	2.455418331303794
7x43	1.0	2.484880223279884
3x50	1.0	2.6580094540024795
31x40	1.0	2.5021616765510024
42x21	1.0	2.265068713151594
39x14	1.0	2.075412211832183
35x23	1.0	2.2673293653251902
39x39	1.0	2.7518471590576925
33x44	1.0	3.0209452517039286
14x2	1.0	2.071641527386597
15x45	1.0	1.9405389688048973
10x31	1.0	1.6235381733797678
26x37	1.0	1.7050770249930305
42x42	1.0	1.9304297974845601
29x31	1.0	1.847921426083977
33x34	1.0	1.3143051175100187
17x34	1.0	1.3164878102733308
30x12	1.0	2.442851873090915
50x27	1.0	1.480936217579442
31x5	1.0	1.3065002050330519
4x4	1.0	2.8496013802795557
46x35	1.0	2.111674999282116
34x23	1.0	1.9405389688048973
36x12	1.0	3.32074978700771
48x2	1.0	1.4751126949379068
30x15	1.0	2.908245968783351
33x25	1.0	2.5092802440139015
24x29	1.0	2.8365812511445334
4x13	1.0	1.1124513000098186
17x50	1.0	3.494539256322012
4x35	1.0	2.2331711097933558
35x29	1.0	1.7056761700443712
3x7	1.0	1.0
4x50	1.0	2.0977914590473783
32x6	1.0	2.4943737845909424
22x28	1.0	1.9012345568465483
49x33	1.0	2.765600488034496
9x50	1.0	1.8089873868742816
38x40	1.0	2.718028289951266
14x48	1.0	2.92110069020202
24x11	1.0	3.083178805739067
30x9	1.0	1.574044755570299
44x8	1.0	1.858903507711174
23x40	1.0	1.9955571994469739
42x37	1.0	2.0484100397938714
15x16	1.0	1.8334923445366464
33x32	1.0	1.8481544517046582
30x40	1.0	2.453464429529421
18x45	1.0	1.85271900953208
50x41	1.0	1.7284304414716962
29x26	1.0	2.261109109414764
38x35	1.0	1.2775319170740629
37x10	1.0	2.6671872942792296
9x15	1.0	2.2666951758022735
17x19	1.0	3.0157981170091737
49x34	1.0	1.0629489120442959
38x27	1.0	1.3498042102003092
34x14	1.0	3.0999312102575987
24x13	1.0	2.482739664144764
24x23	1.0	2.6902604548200397
35x39	1.0	2.5643108314241414
3x14	1.0	2.477095539697476
27x39	1.0	2.458986204312285
50x50	1.0	1.8358430560463772
16x5	1.0	2.596387824519735
9x25	1.0	3.610506127213774
41x20	1.0	2.623715120726004
24x39	1.0	2.919147177931419
48x39	1.0	3.2200992809968376
14x13	1.0	1.9980250163188582
10x20	1.0	1.4496604482346787
4x10	1.0	1.1124513000098186
45x6	1.0	2.3414243964883443
45x28	1.0	2.9481920197930207
38x49	1.0	3.0917622307255965
38x23	1.0	2.928877789382545
27x14	1.0	2.630620661821091
1x8	1.0	1.5572879060320108
42x39	1.0	1.9458405933817482
8x39	1.0	2.5915184980921944
3x2	1.0	2.8666947694580833
36x11	1.0	2.3255157863158162
43x34	1.0	1.9995061931586
4x23	1.0	1.9866161058722147
1x12	1.0	4.051846189369535
32x17	1.0	2.7268322337182194
14x35	1.0	2.1062965421047277
44x30	1.0	2.755435825910293
3x29	1.0	2.0452375227779993
24x37	1.0	1.850952626758079
4x39	1.0	2.572013289636764
23x36	1.0	1.9980250163188582
41x42	1.0	2.5903854239996686
26x21	1.0	2.665945539684216
39x8	1.0	2.6716705629537594
30x13	1.0	2.7074823559239207
17x8	1.0	1.8665169407472009
25x39	1.0	2.572013289636764
50x24	1.0	2.540581064986989
48x49	1.0	2.557446770797575
48x10	1.0	1.540683165014507
12x15	1.0	2.197887609642918
50x19	1.0	2.623961283704559
21x43	1.0	1.9980250163188582
20x34	1.0	1.2742519363255236
15x38	1.0	3.2934770791671952
13x3	1.0	2.0666316637093076
41x41	1.0	2.3029437828843204
36x17	1.0	1.738504698328061
39x19	1.0	2.3206178150147276
12x18	1.0	2.965901359185597
48x32	1.0	2.947367699798434
28x39	1.0	1.6079554253745105
6x13	1.0	1.8621628146936107
1x50	1.0	3.4522392021810657
43x32	1.0	3.408434344536774
27x33	1.0	1.0629489120442959
33x5	1.0	2.9722292200930815
48x37	1.0	1.1124513000098186
9x5	1.0	2.367864146469021
29x6	1.0	2.5927168773628253
3x42	1.0	2.1084027684832902
18x41	1.0	1.5691925832141966
27x23	1.0	3.470345324958366
34x33	1.0	1.7858869300686604
43x9	1.0	1.1124513000098186
29x28	1.0	2.505240724771445
21x3	1.0	2.3599253611897155
24x15	1.0	2.6486496887448525
47x10	1.0	3.6283812165263556
33x18	1.0	2.9661131029726318
21x47	1.0	1.9822484180857005
18x21	1.0	2.1984356961191245
1x49	1.0	2.6124120164494236
47x42	1.0	3.307577177082596
11x24	1.0	2.229375241106907
10x42	1.0	2.027794764571714
39x37	1.0	3.0682889416781642
41x29	1.0	2.677683053601407
7x32	1.0	2.6987833203550573
46x38	1.0	2.713897169316991
2x25	1.0	3.620991110073267
16x16	1.0	2.1683302861887426
8x28	1.0	2.383316196987293
37x39	1.0	2.5318382455705692
49x5	1.0	1.5726298710361442
33x10	1.0	1.0629489120442959
39x44	1.0	2.0517707325254904
32x32	1.0	1.4622587255979447
20x28	1.0	2.396076660311373
7x22	1.0	3.4102343252837852
28x6	1.0	1.9822484180857005
32x24	1.0	2.340005714002289
39x45	1.0	2.349253302168834
18x25	1.0	3.1124128417057038
15x43	1.0	1.9501798317233732
14x29	1.0	1.8677301863313627
19x35	1.0	2.7610247299713344
23x41	1.0	2.1084027684832902
1x24	1.0	2.9640644452937965
11x25	1.0	3.2649275171421692
22x22	1.0	1.9545100243290208
25x8	1.0	1.937626232920332
35x28	1.0	1.3957755818803457
47x28	1.0	2.5284774782180004
44x11	1.0	2.0653574207816536
46x3	1.0	3.1124880578261727
34x42	1.0	2.1698721042957634
2x18	1.0	2.8048767286881557
48x3	1.0	1.4315605939072482
44x12	1.0	3.1580109309915025
23x45	1.0	2.4943737845909424
6x45	1.0	1.7488431756466658
25x31	1.0	1.9405389688048973
5x40	1.0	3.1211473726363494
41x50	1.0	2.0620294954943086
12x17	1.0	1.8245777915484591
12x23	1.0	3.4160299473975138
22x32	1.0	2.6336640147777195
31x23	1.0	2.6414229437655514
17x40	1.0	1.7488431756466658
1x29	1.0	2.4839300055318296
20x4	1.0	2.5462803071072506
29x10	1.0	2.878690364445868
40x29	1.0	2.1094561384487887
3x23	1.0	2.146475981437957
48x12	1.0	2.9553576995891975
11x6	1.0	3.582781750965396
40x2	1.0	1.3329097102826746
41x43	1.0	1.5726298710361442
16x4	1.0	2.797056393454837
2x33	1.0	2.8214181484935694
40x23	1.0	2.5603615348743287
32x14	1.0	2.7905091096785197
1x11	1.0	1.8245777915484591
8x3	1.0	2.6512692193833205
36x21	1.0	1.3143051175100187
16x2	1.0	2.9911371002133356
18x48	1.0	1.4210781528900283
50x22	1.0	2.17788054569324
39x46	1.0	2.9355834618030108
40x11	1.0	1.5726298710361442
46x28	1.0	1.7976191361471927
50x17	1.0	2.2912112109227447
39x35	1.0	1.8002815460214867
25x2	1.0	2.754629993914047
2x50	1.0	3.329012759314967
44x23	1.0	3.105154684171446
23x19	1.0	2.3236214925846324
19x37	1.0	3.1793942002423408
11x38	1.0	2.1305767530689903
45x7	1.0	2.115618637326186
27x2	1.0	2.2654247268629426
23x30	1.0	3.5057727517531103
40x17	1.0	1.0629489120442959
1x17	1.0	1.9601317042077895
30x1	1.0	2.4716098419520702
21x7	1.0	2.1630366883085945
22x39	1.0	3.2850996527816143
34x35	1.0	1.6909493045998962
15x35	1.0	1.0629489120442959
14x37	1.0	2.3236214925846324
22x15	1.0	1.8898815748423097
44x6	1.0	1.0
47x14	1.0	2.95238043333232
46x19	1.0	2.696381789040606
24x20	1.0	1.651611383930213
49x18	1.0	1.7050770249930305
49x14	1.0	1.239315430729068
15x4	1.0	4.634637511568003
16x49	1.0	2.6996363863019104
28x50	1.0	2.7679267743664115
4x40	1.0	2.0944765934586043
43x37	1.0	2.898175363304884
5x5	1.0	2.744540753839302
46x11	1.0	2.1657853436613794
3x18	1.0	2.4100164621730897
4x26	1.0	1.0
2x27	1.0	3.788718673663773
22x23	1.0	1.9842263372497855
15x31	1.0	1.99210395551597
26x16	1.0	2.6589687249598377
27x19	1.0	3.0389443049162517
46x43	1.0	2.6719653309047366
26x2	1.0	1.961603588422835
27x36	1.0	2.5614940387512015
27x29	1.0	2.7846215254383724
37x37	1.0	1.5968086490910351
37x6	1.0	3.3687939335952097
39x4	1.0	1.847921426083977
20x45	1.0	2.5046505915512616
6x29	1.0	1.739849491274967
17x27	1.0	3.4512353762575447
32x4	1.0	2.1648418285626705
8x22	1.0	3.38788099357388
14x47	1.0	3.1537878331949147
19x44	1.0	1.1573636997031709
29x45	1.0	2.671016603599862
39x38	1.0	2.669714782471054
38x15	1.0	2.2501690383898287
37x36	1.0	2.11672183097529
26x35	1.0	2.4799474097133385
16x3	1.0	2.2436483757927737
47x29	1.0	3.6212858886711206
34x8	1.0	2.0936734949829323
36x37	1.0	3.0972277742926697
33x40	1.0	2.5623478294881212
40x7	1.0	1.4695444079955613
37x12	1.0	2.2592893890404784
46x6	1.0	1.5169563213688035
40x14	1.0	2.8654776042931336
34x13	1.0	1.8242223947745868
7x16	1.0	2.4727739358722487
16x14	1.0	3.239839986898789
30x50	1.0	2.673296151610453
34x17	1.0	2.2582489601022377
13x17	1.0	2.0936734949829323
22x8	1.0	2.1091280996077
18x11	1.0	1.9822484180857005
17x13	1.0	2.106178482035343
17x33	1.0	2.7147395601898
45x17	1.0	2.1013498286422427
15x42	1.0	1.9508174262050981
16x27	1.0	2.384714138734913
47x37	1.0	2.9096525861357123
45x49	1.0	2.349999185593815
2x17	1.0	2.423560954453344
5x47	1.0	2.390502835477802
45x12	1.0	1.9750312049111547
33x3	1.0	3.0648246449100287
7x25	1.0	2.686271638678713
9x37	1.0	1.433280944444334
38x44	1.0	2.197865278945842
43x15	1.0	1.5169563213688035
43x12	1.0	1.4496604482346787
12x38	1.0	1.9684775005558242
21x18	1.0	2.2673496690107093
7x12	1.0	1.0
39x23	1.0	3.4306787151235776
37x16	1.0	2.1413613579680346
45x46	1.0	1.2775319170740629
15x47	1.0	2.1057105511143495
24x17	1.0	2.7107245136065257
8x50	1.0	1.5705781412513098
23x44	1.0	1.0
5x37	1.0	2.6814683085389244
18x2	1.0	2.0575625195391343
11x7	1.0	3.577215651995648
12x30	1.0	2.613457004139716
30x3	1.0	1.6870282457672383
48x13	1.0	3.5195820130786077
8x42	1.0	2.1062965421047277
19x5	1.0	1.9405389688048973
4x41	1.0	1.6743501066402542
4x27	1.0	3.08924451561633
7x21	1.0	2.6072114006910367
32x12	1.0	2.1657853436613794
10x29	1.0	2.4791734037512905
34x28	1.0	1.742252387574076
35x45	1.0	1.384145488461686
30x45	1.0	2.5062427580512185
29x35	1.0	1.9519239257168193
37x46	1.0	1.8917331102125812
3x40	1.0	3.483423741992835
7x5	1.0	2.0980103610061733
36x28	1.0	1.4751126949379068
49x11	1.0	1.6304721336984855
11x37	1.0	1.5906821119239323
10x39	1.0	1.384145488461686
8x14	1.0	2.2666951758022735
31x4	1.0	1.8453283908121458
26x31	1.0	2.6457442971404292
17x11	1.0	2.8731878706671625
6x43	1.0	2.273552584621521
15x13	1.0	1.739849491274967
2x5	1.0	1.0
16x19	1.0	2.9599980601104128
17x3	1.0	1.5726298710361442
27x17	1.0	3.1141955024102232
45x36	1.0	1.3164878102733308
17x45	1.0	2.151072308339481
45x8	1.0	1.3164878102733308
46x5	1.0	1.612108618471457
48x27	1.0	2.404792309816053
40x28	1.0	1.6968649727556537
41x8	1.0	2.9096525861357123
7x39	1.0	1.9405389688048973
28x32	1.0	1.9995061931586
3x27	1.0	3.6173820402014836
12x48	1.0	1.4174111811317323
13x19	1.0	1.2775319170740629
40x44	1.0	1.6521992330731805
43x22	1.0	1.9084263006391622
50x33	1.0	1.0629489120442959
23x3	1.0	3.0276842268688795
12x28	1.0	2.1883784772738646
11x23	1.0	2.964995387443097
22x43	1.0	2.7654150136948528
5x42	1.0	2.9876396922476975
22x50	1.0	2.528041517305878
42x46	1.0	2.217336800931273
16x28	1.0	1.6909493045998962
16x30	1.0	2.926949497679809
20x2	1.0	2.8337689344462733
12x19	1.0	1.6079554253745105
12x12	1.0	1.1573636997031709
36x47	1.0	2.0
14x34	1.0	1.0629489120442959
5x22	1.0	2.6688792864564745
39x31	1.0	2.0233255571273383
13x1	1.0	1.6743501066402542
38x48	1.0	2.5376098160921874
30x36	1.0	1.2775319170740629
16x31	1.0	1.9568645463068284
31x38	1.0	2.8275385434957334
26x6	1.0	2.7029526843776206
34x21	1.0	1.9750312049111547
29x7	1.0	1.7531434264506585
28x1	1.0	1.4174111811317323
49x49	1.0	1.9995061931586
23x11	1.0	2.062768012741494
30x37	1.0	3.1120593210897414
2x20	1.0	2.247452257031922
30x46	1.0	2.852088494259956
31x14	1.0	2.083280883758133
6x39	1.0	1.9405389688048973
33x28	1.0	2.7536381363139526
43x49	1.0	2.9923334615793165
35x37	1.0	1.1124513000098186
8x23	1.0	2.8731878706671625
42x50	1.0	2.608917614199148
46x33	1.0	1.9635030076312345
39x47	1.0	3.3784772486116883
25x22	1.0	3.518850487840464
1x22	1.0	2.5672963331954786
17x36	1.0	1.4355852921759273
40x8	1.0	1.8792555331274632
2x38	1.0	2.714264710469418
40x20	1.0	2.490483567340897
26x39	1.0	1.5289567994224336
22x27	1.0	3.251463050458266
48x11	1.0	2.2876536954026223
20x20	1.0	1.4174111811317323
21x34	1.0	1.1573636997031709
47x24	1.0	1.8982012697205304
47x47	1.0	3.0491703547913818
23x32	1.0	2.6371878762325753
46x20	1.0	2.032763886494296
29x5	1.0	1.6743501066402542
5x28	1.0	2.095839631428881
4x29	1.0	2.0421087887389064
37x38	1.0	2.442597974504614
33x50	1.0	3.2239577549355416
16x13	1.0	2.8098015276396486
16x44	1.0	2.2327162864454904
13x28	1.0	2.52283372658009
48x25	1.0	1.961252363090238
41x2	1.0	2.2774926656617165
26x29	1.0	2.1770768436365775
37x5	1.0	1.99729298040169
23x27	1.0	2.1357872820419557
17x28	1.0	2.4871646123631206
10x15	1.0	1.1573636997031709
3x20	1.0	2.9122659472293546
49x29	1.0	2.450788810482095
38x36	1.0	1.95629581342192
21x1	1.0	1.5726298710361442
12x25	1.0	3.964133435076908
35x9	1.0	2.9045552576143794
29x33	1.0	2.9455506226976285
45x38	1.0	2.0655496810220875
40x18	1.0	1.0
26x28	1.0	3.1450966568367624
21x14	1.0	2.3250965430156416
48x6	1.0	2.3765915535625295
9x24	1.0	2.8015726783108414
37x25	1.0	2.813328722117712
25x38	1.0	1.4210781528900283
2x24	1.0	2.756941884484722
44x42	1.0	2.2547850449260958
21x9	1.0	1.5726298710361442
13x6	1.0	2.33279544621923
11x17	1.0	1.480936217579442
28x15	1.0	1.3957755818803457
22x14	1.0	1.99210395551597
12x49	1.0	2.6727416112064857
5x29	1.0	3.741839271681752
29x30	1.0	2.7940015398447056
29x38	1.0	2.4917332009465527
23x2	1.0	1.8965705992060893
39x7	1.0	2.689510640933239
38x29	1.0	1.2297525316960332
16x47	1.0	2.866595988576613
17x42	1.0	2.755341727089846
31x33	1.0	1.0
1x30	1.0	2.571205438707339
42x36	1.0	2.5790544921153065
22x1	1.0	1.770921268695097
50x18	1.0	3.2566004283023964
1x45	1.0	1.9696167177811903
50x20	1.0	1.9222819344735451
39x48	1.0	1.7488431756466658
40x45	1.0	1.9845457221760012
25x9	1.0	2.96899378899835
20x48	1.0	1.0629489120442959
22x40	1.0	3.216728275812792
49x26	1.0	2.0431904110354915
11x22	1.0	2.485134355251687
14x32	1.0	2.356590464886904
2x32	1.0	3.0311169741426913
49x36	1.0	2.606479030434107
25x12	1.0	2.4511946292025506
41x28	1.0	1.612108618471457
44x32	1.0	2.5764013268907795
23x25	1.0	2.3558008313763317
9x13	1.0	2.630620661821091
38x41	1.0	2.254913175406131
1x37	1.0	2.64762043135881
38x32	1.0	2.5135659157327908
21x33	1.0	2.2767648498451067
25x30	1.0	2.953003028971364
36x29	1.0	2.4891500094224717
45x45	1.0	2.677683053601407
47x39	1.0	2.9079778898867015
38x9	1.0	2.1977836856994872
31x37	1.0	1.3143051175100187
20x30	1.0	3.5153968241225635
48x44	1.0	1.7653635436855506
24x35	1.0	2.684908518232488
7x17	1.0	1.9790678191529023
15x7	1.0	3.5333538586653606
5x30	1.0	2.3235023818004845
43x42	1.0	2.4521066586410045
39x25	1.0	2.9929586926613685
14x12	1.0	1.0
32x29	1.0	2.6912561889943394
37x27	1.0	2.5796286864553335
32x50	1.0	2.5984759014022547
8x16	1.0	1.0629489120442959
44x47	1.0	2.365173523311059
43x10	1.0	2.909017875828139
9x20	1.0	1.85271900953208
25x1	1.0	2.8546161249429054
12x6	1.0	2.9915335511286933
35x3	1.0	2.2673496690107093
46x47	1.0	3.8168360697528128
24x26	1.0	2.499710622991821
22x41	1.0	1.2742519363255236
28x21	1.0	3.489918460870616
34x19	1.0	3.7738086246527316
19x28	1.0	2.4174239098473533
11x41	1.0	1.6743501066402542
20x23	1.0	1.6984332340231805
40x30	1.0	2.3153349308145814
33x49	1.0	2.822543933345128
41x24	1.0	3.1032127995244174
36x41	1.0	2.3044413078808286
31x43	1.0	2.8597720381977396
2x30	1.0	2.6007301317898373
1x3	1.0	2.039602688365169
33x48	1.0	1.9405389688048973
49x7	1.0	1.2775319170740629
6x4	1.0	2.0612062512787133
1x34	1.0	1.7858869300686604
35x18	1.0	2.0
48x40	1.0	2.236559761150041
6x33	1.0	3.174297719113081
32x40	1.0	2.1173665752550304
34x11	1.0	2.1919264175225273
33x4	1.0	2.9661131029726318
46x12	1.0	2.8561079865071064
41x15	1.0	2.7267922873771075
36x32	1.0	2.027794764571714
12x3	1.0	2.225126072246053
23x21	1.0	2.756491371657755
19x30	1.0	3.062634175868553
25x27	1.0	2.2104079867911777
35x50	1.0	2.1858434469202965
34x9	1.0	1.7653635436855506
7x27	1.0	3.315666027405043
7x44	1.0	1.574044755570299
46x29	1.0	3.0761676739123485
49x32	1.0	2.746202465490551
48x42	1.0	1.3164878102733308
47x19	1.0	3.249543556243999
4x25	1.0	2.404792309816053
30x20	1.0	2.9661131029726318
28x47	1.0	1.2369229747208947
33x21	1.0	1.6936156544798437
30x16	1.0	2.1648418285626705
31x15	1.0	2.648885418211781
27x28	1.0	2.23650740092809
21x42	1.0	2.550575008340494
41x31	1.0	2.9936495504314204
10x32	1.0	1.6936156544798437
36x10	1.0	2.1109481468806948
10x33	1.0	2.3740359121275514
32x23	1.0	1.8445718166542613
23x10	1.0	2.209590314677936
43x19	1.0	1.9938748725756539
40x38	1.0	2.5376098160921874
46x27	1.0	3.1892456506386546
30x42	1.0	3.266873761227945
8x36	1.0	1.7488431756466658
40x13	1.0	2.741406402925878
42x3	1.0	2.282606336856426
28x28	1.0	1.1573636997031709
13x21	1.0	1.847921426083977
32x28	1.0	3.1285873383401603
2x4	1.0	1.0
39x18	1.0	1.0
28x42	1.0	2.4028795943021843
36x7	1.0	2.406271249298532
28x19	1.0	4.295196386943441
34x31	1.0	1.4174111811317323
33x14	1.0	2.1404870052344234
15x41	1.0	2.358696031962861
45x1	1.0	2.500736301564518
1x7	1.0	1.6493848884661177
32x13	1.0	1.9811578639400322
31x19	1.0	1.957773851276386
21x31	1.0	1.2775319170740629
18x9	1.0	1.9758509044500678
35x25	1.0	2.982222054067891
28x33	1.0	1.1124513000098186
12x4	1.0	2.887189106819788
28x31	1.0	1.9822484180857005
1x16	1.0	2.596387824519735
19x50	1.0	2.0493222833875375
24x19	1.0	1.99729298040169
39x36	1.0	2.585543872676175
27x43	1.0	2.741406402925878
23x5	1.0	2.3164146276633324
19x1	1.0	1.9121906583472943
10x40	1.0	1.858903507711174
34x25	1.0	3.5973338218728372
44x13	1.0	1.384145488461686
31x9	1.0	2.4787633642240867
43x36	1.0	2.780591504314972
6x17	1.0	3.455907447597092
9x47	1.0	2.767822315312418
17x2	1.0	2.1710058242445553
9x16	1.0	1.7653635436855506
21x27	1.0	3.5780976233895134
37x28	1.0	2.8839466644764435
7x47	1.0	2.6308342549948827
21x30	1.0	2.736440908589042
23x33	1.0	2.800363437000093
11x28	1.0	2.4771568467988803
28x38	1.0	1.2742519363255236
19x22	1.0	2.5881749387288884
19x38	1.0	1.1124513000098186
17x16	1.0	1.670927972410174
23x31	1.0	2.275909906286344
42x25	1.0	2.9905367485547742
9x8	1.0	1.8451839798263563
24x12	1.0	2.381842004359017
5x24	1.0	2.032763886494296
24x9	1.0	3.1905258670975325
15x36	1.0	1.651611383930213
12x44	1.0	1.2775319170740629
18x10	1.0	2.391706325367555
5x14	1.0	2.0190316307826808
8x45	1.0	2.5364373132287734
24x32	1.0	3.4512353762575447
17x14	1.0	2.9393968053899915
36x23	1.0	2.5890253010332316
13x23	1.0	2.815732346468881
26x43	1.0	1.3141181485141191
13x10	1.0	2.8398664781484007
23x6	1.0	2.151724088888044
30x30	1.0	2.689510640933239
11x13	1.0	1.1573636997031709
8x30	1.0	2.17361831123197
5x6	1.0	2.6157922235488136
21x25	1.0	3.5540729605851964
45x25	1.0	2.311013878258155
20x22	1.0	3.1244572144071516
19x15	1.0	1.7488431756466658
33x29	1.0	3.4830653458856973
41x1	1.0	2.4211681773850553
22x16	1.0	2.3400710335564905
22x12	1.0	3.1411379489875304
10x21	1.0	2.237087177251231
22x44	1.0	1.8739576096336017
47x8	1.0	1.1573636997031709
3x49	1.0	2.237489931756383
7x8	1.0	1.9405389688048973
47x36	1.0	2.1290032158017476
1x46	1.0	2.624035242204298
19x49	1.0	1.3982807524493166
45x2	1.0	1.8109418084551194
46x42	1.0	2.5021616765510024
16x21	1.0	3.060342723610115
20x3	1.0	2.9259241127117
29x36	1.0	2.261714518531327
11x27	1.0	1.9137540201162473
4x24	1.0	3.8658151060928865
43x20	1.0	2.864019150891374
15x8	1.0	2.163837788870825
38x45	1.0	2.013883257481945
32x22	1.0	3.0389259202524292
8x20	1.0	2.663286539858367
9x27	1.0	2.897182915079513
31x28	1.0	2.7562269376955597
15x40	1.0	3.8200054184350862
10x24	1.0	1.7439436718422865
19x12	1.0	1.6493848884661177
6x23	1.0	2.7716744100905504
7x1	1.0	1.3982807524493166
15x15	1.0	2.702346880510566
45x44	1.0	2.082482686541697
29x25	1.0	2.2876536954026223
43x24	1.0	2.5539647682647835
35x27	1.0	2.338484409483369
13x16	1.0	1.7771585154493295
14x1	1.0	2.082290856356688
24x2	1.0	2.2550554019288476
23x14	1.0	2.937542574735416
12x36	1.0	1.8748584677905173
14x19	1.0	3.0554324299554425
11x16	1.0	2.8971632520946367
28x46	1.0	2.0142802092369325
19x7	1.0	3.7728089527133943
18x7	1.0	2.259958402852007
40x21	1.0	2.581498184562075
8x13	1.0	1.0
25x49	1.0	2.292091853964875
37x13	1.0	2.3176833443948683
12x22	1.0	2.3967551759678107
7x13	1.0	1.239315430729068
26x3	1.0	3.2896185540893983
12x39	1.0	1.8779049572550024
49x43	1.0	2.434009023424005
8x41	1.0	1.6493848884661177
14x25	1.0	2.5344464164887035
50x21	1.0	2.78826423010174
8x25	1.0	2.209590314677936
13x4	1.0	2.6504134279859723
2x10	1.0	2.837979620124313
31x1	1.0	3.613689308636157
28x40	1.0	2.006918297120656
50x1	1.0	1.721632177609972
3x25	1.0	3.1789668292605278
10x1	1.0	1.8109418084551194
28x13	1.0	3.3257519254986603
37x20	1.0	1.3141181485141191
17x41	1.0	1.7217035807492065
29x44	1.0	3.7419314571689997
37x33	1.0	1.9989143784219114
50x38	1.0	1.831958296603101
50x43	1.0	2.23650740092809
45x37	1.0	1.9121906583472943
19x2	1.0	1.3164878102733308
49x44	1.0	1.2865300266079056
48x34	1.0	1.1124513000098186
47x17	1.0	1.5770272628686273
10x8	1.0	1.8242223947745868
42x15	1.0	1.9039668606822715
13x44	1.0	2.608917614199148
5x1	1.0	2.7957762134599977
34x40	1.0	1.9489892728668505
40x26	1.0	2.2286273917520614
39x9	1.0	2.0120288793558694
7x33	1.0	3.279684124900037
7x35	1.0	2.801150151628792
3x38	1.0	1.0629489120442959
13x27	1.0	1.2297525316960332
40x41	1.0	1.6984332340231805
50x47	1.0	1.99210395551597
25x11	1.0	2.4227279240020843
16x37	1.0	1.6036034862338133
35x49	1.0	1.480936217579442
33x31	1.0	1.6753246265664317
19x32	1.0	2.352806377895062
29x15	1.0	3.0832984403746995
8x43	1.0	2.3644040173824363
31x20	1.0	3.5445708069931183
21x37	1.0	2.677683053601407
28x30	1.0	2.4694847885575926
44x44	1.0	1.9568645463068284
47x46	1.0	2.738803955060369
15x5	1.0	3.2237885877844508
9x34	1.0	1.6329149335712032
48x7	1.0	1.9278487942611164
22x38	1.0	2.7370528587052196
25x47	1.0	2.647858493592172
32x34	1.0	1.1124513000098186
18x37	1.0	2.9783309802900457
47x15	1.0	2.43709996615255
30x49	1.0	2.8575702042916307
41x18	1.0	1.4496604482346787
3x47	1.0	3.547725937465622
22x46	1.0	2.680637601613289
26x14	1.0	2.0002964093043767
16x35	1.0	3.422254371709114
32x2	1.0	1.5386713202643842
38x20	1.0	2.532731732306426
41x44	1.0	1.544876855906566
45x27	1.0	3.0956196617047036
14x27	1.0	1.6696994012583954
28x8	1.0	1.4410156382511106
8x34	1.0	1.8420227750373133
5x20	1.0	2.699935916347176
36x19	1.0	2.2267447914633998
4x6	1.0	2.4644066433750544
12x43	1.0	2.1084027684832902
8x4	1.0	3.2714967764702902
12x7	1.0	1.642175362496467
24x28	1.0	2.812002480832563
24x22	1.0	2.3656344607035957
9x45	1.0	1.530133214390483
42x31	1.0	1.9316749438197114
49x31	1.0	2.7049309121958234
22x26	1.0	1.8242223947745868
37x14	1.0	2.757157077874185
23x39	1.0	2.2605591494796706
4x45	1.0	3.0099705192169197
43x40	1.0	1.5691925832141966
8x37	1.0	2.4097920204216767
26x26	1.0	2.0517707325254904
33x2	1.0	1.5572879060320108
44x31	1.0	2.937542574735416
42x43	1.0	1.1573636997031709
3x36	1.0	1.3957755818803457
36x43	1.0	1.384145488461686
3x15	1.0	1.9938748725756539
6x15	1.0	3.035057154348744
10x9	1.0	2.2294327036244024
15x34	1.0	1.8420227750373133
8x2	1.0	2.2114186885607365
26x34	1.0	1.4210781528900283
25x6	1.0	2.1404870052344234
10x10	1.0	1.8733068857244586
37x21	1.0	1.0
27x13	1.0	3.124903879917463
43x7	1.0	1.847921426083977
11x48	1.0	2.0402934051281285
22x20	1.0	3.3327277241495246
15x12	1.0	2.0873711123196173
17x10	1.0	2.0421087887389064
4x14	1.0	2.540581064986989
42x26	1.0	1.6235381733797678
26x10	1.0	2.239948640634149
3x17	1.0	1.7858869300686604
8x9	1.0	1.7050770249930305
14x39	1.0	2.0907047609910903
4x37	1.0	2.36615775373676
33x36	1.0	1.5716435560366497
46x22	1.0	2.8860313981525225
41x10	1.0	1.99210395551597
8x17	1.0	1.0629489120442959
37x43	1.0	1.7721728818242546
29x13	1.0	1.6529072317065319
4x30	1.0	2.520204929455325
25x29	1.0	1.7074284446371775
39x12	1.0	3.3222051693473134
35x42	1.0	3.1595685061522727
21x41	1.0	1.7976191361471927
11x36	1.0	2.082482686541697
33x8	1.0	2.7681422752689175
17x7	1.0	2.997660044100351
20x47	1.0	2.3400710335564905
49x41	1.0	1.7976191361471927
23x9	1.0	2.7449675504833784
3x31	1.0	1.7050770249930305
2x43	1.0	2.527297884374563
32x44	1.0	1.9039668606822715
30x43	1.0	3.071672692646039
2x6	1.0	1.7080722759122469
8x46	1.0	2.7301174245458295
24x18	1.0	1.8897145367424808
2x39	1.0	2.5172529427211905
11x3	1.0	2.539420401324105
37x29	1.0	1.7273352117894814
37x4	1.0	2.6379512682711836
32x37	1.0	2.3793371442342273
18x32	1.0	2.292904204034557
44x3	1.0	2.953003028971364
21x46	1.0	2.42550696567446
5x4	1.0	3.028467734042782
31x24	1.0	2.854840355659474
43x8	1.0	1.480936217579442
36x1	1.0	3.0105695881078316
12x5	1.0	3.197077230067108
27x20	1.0	2.6671872942792296
31x8	1.0	2.9099772433103754
21x36	1.0	1.99210395551597
22x2	1.0	2.032763886494296
28x36	1.0	1.4984516851685856
23x23	1.0	2.064317489340642
2x16	1.0	2.9442124790569624
10x17	1.0	1.0
42x22	1.0	2.8717458874925876
13x22	1.0	2.812002480832563
9x29	1.0	2.661845927668449
35x26	1.0	1.6985342078855388
3x3	1.0	1.796101145547984
33x12	1.0	2.130447464582335
37x50	1.0	2.765600488034496
8x47	1.0	2.974544592013204
9x6	1.0	2.579813955073839
8x29	1.0	2.11672183097529
28x26	1.0	1.2742519363255236
1x43	1.0	2.892530819698235
46x17	1.0	1.634575078913038
44x48	1.0	1.8002815460214867
26x46	1.0	1.8917331102125812
24x48	1.0	1.4189893581950943
9x48	1.0	1.9684775005558242
31x50	1.0	2.8092914960527455
8x11	1.0	1.0
30x6	1.0	2.4827864531513018
45x29	1.0	3.4252256208082716
18x43	1.0	1.9980250163188582
45x39	1.0	3.033141310069461
43x14	1.0	3.0389259202524292
49x3	1.0	2.4140160341106505
47x7	1.0	1.5112696486407828
36x16	1.0	2.2732613667031982
21x45	1.0	3.1351308124078403
41x21	1.0	3.1595685061522727
29x49	1.0	2.598200321567418
42x5	1.0	2.951434471754623
5x41	1.0	1.4496604482346787
1x40	1.0	3.0085250879872034
47x5	1.0	1.3666424669493191
34x26	1.0	1.540683165014507
33x26	1.0	2.272125264858494
1x36	1.0	2.6403437481713117
50x45	1.0	2.2114186885607365
20x13	1.0	1.9746421941471108
30x4	1.0	2.6912561889943394
13x5	1.0	1.5112696486407828
44x29	1.0	2.6128995667487382
49x16	1.0	2.0452375227779993
46x15	1.0	1.9758509044500678
26x18	1.0	2.0659393296654405
23x34	1.0	1.0629489120442959
6x41	1.0	1.7653635436855506
45x24	1.0	1.7145333504510996
6x19	1.0	2.358696031962861
15x28	1.0	1.87876684532157
26x38	1.0	2.64762043135881
22x11	1.0	2.7858386011449756
35x47	1.0	1.239315430729068
15x39	1.0	2.0731699872832183
45x22	1.0	2.256093124167895
44x21	1.0	1.9020947041003722
36x35	1.0	1.480936217579442
46x40	1.0	2.0800259715381757
37x41	1.0	1.3498042102003092
34x1	1.0	2.266151507409317
29x48	1.0	1.42936417765236
11x8	1.0	3.094344581754558
29x41	1.0	1.6079554253745105
37x23	1.0	1.9157167786470255
2x15	1.0	2.0575625195391343
40x40	1.0	2.3740359121275514
26x17	1.0	2.8496013802795557
4x18	1.0	1.7832229953366157
8x21	1.0	2.800363437000093
13x37	1.0	1.7488431756466658
4x34	1.0	1.7488431756466658
18x17	1.0	1.8002815460214867
18x35	1.0	1.2865300266079056
7x46	1.0	3.330301938988069
50x34	1.0	1.721632177609972
45x14	1.0	3.1732876162965082
39x11	1.0	2.435028699540775
22x10	1.0	1.8733068857244586
16x48	1.0	1.8898815748423097
13x36	1.0	1.4174111811317323
11x34	1.0	1.0629489120442959
11x29	1.0	1.5386713202643842
44x38	1.0	1.5067447501652917
16x45	1.0	2.4771568467988803
28x18	1.0	2.560502772807105
9x11	1.0	2.1094561384487887
28x10	1.0	1.5112696486407828
22x7	1.0	2.8020221733791013
33x30	1.0	2.288137475135322
27x12	1.0	2.0890497820320317
44x20	1.0	2.623961283704559
3x37	1.0	2.876843650235079
31x35	1.0	2.326025277733409
29x24	1.0	1.7439436718422865
8x32	1.0	2.332709681314893
31x49	1.0	2.794796246206976
25x40	1.0	2.154170342118072
16x1	1.0	1.4189893581950943
5x33	1.0	3.073663638019537
10x12	1.0	1.239315430729068
38x16	1.0	1.6639434274663765
30x27	1.0	2.7147395601898
16x7	1.0	2.772635129495785
7x10	1.0	2.275958335680992
32x5	1.0	1.9458405933817482
42x13	1.0	2.7225322251997164
10x35	1.0	2.7211010078028295
30x44	1.0	1.0
18x3	1.0	2.848381958518997
8x26	1.0	2.0450960584926925
39x28	1.0	2.9599980601104128
6x10	1.0	2.039911516392196
37x15	1.0	2.5329356927050073
6x36	1.0	1.9995061931586
19x10	1.0	1.9316749438197114
19x25	1.0	2.1403435030918163
13x45	1.0	1.6743501066402542
6x50	1.0	2.594995818489571
11x20	1.0	2.557446770797575
18x13	1.0	1.5691925832141966
12x8	1.0	2.5416892891656255
25x20	1.0	3.0181633697160675
8x7	1.0	2.830756660417703
13x50	1.0	1.8420227750373133
19x43	1.0	1.8245777915484591
39x41	1.0	1.8703081933241932
45x26	1.0	2.774757045763739
12x41	1.0	1.9955571994469739
41x36	1.0	2.1397603517576185
44x17	1.0	1.8801213759697668
36x36	1.0	2.337856582901591
36x6	1.0	2.5264470909727006
36x50	1.0	1.7011489969890363
33x9	1.0	3.7143131699268817
40x24	1.0	1.7858869300686604
28x43	1.0	3.039413709506961
12x26	1.0	1.8242223947745868
41x48	1.0	1.3143051175100187
45x34	1.0	1.239315430729068
34x41	1.0	2.2673293653251902
46x26	1.0	2.954578549350359
23x28	1.0	3.180258220002183
16x50	1.0	2.1940739339704454
13x20	1.0	1.3143051175100187
37x2	1.0	2.1243185928387525
42x32	1.0	1.482573058156938
46x14	1.0	1.9822484180857005
50x44	1.0	2.3646159319090607
23x18	1.0	1.6036034862338133
6x22	1.0	3.018272794604037
40x12	1.0	1.4174111811317323
26x11	1.0	1.738504698328061
14x42	1.0	2.0402934051281285
5x12	1.0	1.0
6x49	1.0	3.420765194010758
42x35	1.0	2.7781622588510975
24x38	1.0	2.5505163186619964
31x27	1.0	2.9853326887527034
13x33	1.0	2.4634895184587835
27x7	1.0	2.2560499388547557
38x28	1.0	1.0
6x32	1.0	3.1526463991495124
39x30	1.0	3.2968658225046252
2x29	1.0	2.5474411700376116
3x45	1.0	3.142048922679978
39x15	1.0	2.354752370005295
17x37	1.0	1.4189893581950943
14x33	1.0	2.0402934051281285
17x25	1.0	2.1883393400480835
36x9	1.0	2.9477661149820173
43x38	1.0	2.759131339402701
21x21	1.0	2.5473196951876664
41x40	1.0	2.9573195151866454
46x48	1.0	2.367864146469021
14x15	1.0	1.8733068857244586
42x18	1.0	1.0
7x26	1.0	1.384145488461686
17x43	1.0	1.8852343166148258
38x18	1.0	2.294618606005614
1x35	1.0	2.0666316637093076
9x12	1.0	1.3143051175100187
38x4	1.0	2.1267904008913416
14x50	1.0	1.9746421941471108
29x4	1.0	3.104110888063381
5x13	1.0	2.265068713151594
30x14	1.0	3.515535142467027
18x19	1.0	2.8076700636376146
10x45	1.0	3.4035071417165508
36x31	1.0	1.8508698158770196
11x44	1.0	1.5968086490910351
34x29	1.0	2.6514767176088365
17x5	1.0	1.8657097653001318
14x10	1.0	1.4496604482346787
24x31	1.0	1.7056761700443712
15x22	1.0	3.064051635288808
25x41	1.0	3.114164291787938
26x42	1.0	2.288137475135322
40x49	1.0	2.13215890790923
18x47	1.0	2.0424836812080622
26x7	1.0	1.5726298710361442
45x20	1.0	2.4518714491465747
27x3	1.0	1.3379516684674342
18x50	1.0	2.8461371440013523
11x26	1.0	1.9876669750024174
43x48	1.0	1.0
42x9	1.0	2.1243185928387525
46x44	1.0	2.9683103125082857
30x31	1.0	2.9582155244551323
16x29	1.0	2.0977914590473783
2x19	1.0	2.4604656925779635
20x41	1.0	1.9278487942611164
19x31	1.0	1.7858869300686604
35x44	1.0	1.5726298710361442
33x41	1.0	2.151072308339481
28x5	1.0	1.0
34x27	1.0	1.3957755818803457
20x5	1.0	3.2651139790954695
40x37	1.0	2.8673031039292627
24x1	1.0	3.0843335789510626
20x14	1.0	2.414191177317457
43x13	1.0	3.0962551486251138
42x17	1.0	2.1927872600833296
40x15	1.0	2.3387649136339568
9x31	1.0	2.218708590293503
3x13	1.0	1.0
50x3	1.0	2.920044279963257
33x38	1.0	2.1062472905860377
28x34	1.0	1.2775319170740629
26x9	1.0	1.4622587255979447
27x46	1.0	3.2463804199280673
4x9	1.0	1.0
28x35	1.0	2.0980103610061733
34x49	1.0	1.530133214390483
43x33	1.0	2.4772328194780306
34x32	1.0	1.7238179114370882
34x36	1.0	2.224340778496762
38x5	1.0	2.7064577930637777
25x21	1.0	3.0829424031276123
8x8	1.0	2.6791796436241024
35x41	1.0	2.564754444852271
21x40	1.0	2.4102727772159986
26x22	1.0	2.7682648365876616
23x29	1.0	1.988455217556566
18x29	1.0	2.311013878258155
11x10	1.0	2.8112992757442727
48x28	1.0	2.5364373132287734
23x7	1.0	1.6722136233049663
24x34	1.0	1.7074284446371775
20x35	1.0	2.622778333835963
9x40	1.0	1.95629581342192
4x17	1.0	2.7436437008530956
9x4	1.0	3.0928439589952523
7x42	1.0	2.908245968783351
16x36	1.0	1.5494856639063164
34x2	1.0	1.0
23x35	1.0	3.761921324981514
32x1	1.0	2.977978366552294
9x21	1.0	1.8657097653001318
21x24	1.0	2.30583726730771
27x44	1.0	1.4719165222372004
25x42	1.0	3.5195820130786077
43x26	1.0	2.8133164994879505
40x27	1.0	2.6971117757349776
28x12	1.0	3.729666162795255
19x11	1.0	1.7858869300686604
36x42	1.0	3.344659293300811
50x5	1.0	2.3908496068809355
28x9	1.0	1.5691925832141966
16x43	1.0	2.601842366741701
41x5	1.0	1.8716799124350878
50x11	1.0	1.787629354658571
14x24	1.0	2.889249754707257
34x12	1.0	1.7074284446371775
37x24	1.0	2.067492520169415
29x8	1.0	2.3206178150147276
11x11	1.0	1.9330779810526384
34x43	1.0	2.43686911137767
2x35	1.0	2.039911516392196
48x5	1.0	1.4719165222372004
6x12	1.0	1.0
9x39	1.0	3.8103679017245566
25x17	1.0	2.9595341457079947
7x23	1.0	1.8109418084551194
5x50	1.0	3.4876780098538336
22x29	1.0	3.502640804775057
31x42	1.0	2.908245968783351
2x2	1.0	2.3254242610822717
19x23	1.0	2.11817439419495
26x32	1.0	2.630365848724027
10x3	1.0	1.6493848884661177
49x28	1.0	1.9171085279079858
39x1	1.0	1.9501798317233732
7x7	1.0	2.616980713991724
6x31	1.0	1.0
2x1	1.0	3.369434702192366
13x29	1.0	1.3666424669493191
18x39	1.0	2.5827296591158158
29x3	1.0	2.398472993830891
22x24	1.0	2.328915864886749
1x32	1.0	1.8129499408536172
44x37	1.0	1.8049171046190822
24x3	1.0	2.8936984026091066
40x42	1.0	2.565140386264545
6x26	1.0	1.9822484180857005
18x12	1.0	2.148466688484431
13x12	1.0	1.0629489120442959
24x27	1.0	3.454676527918562
3x44	1.0	1.0629489120442959
38x34	1.0	2.1031384839880625
14x30	1.0	3.540174117545895
40x46	1.0	2.188681744812619
35x11	1.0	3.5305381795618502
36x4	1.0	2.8289611131475527
21x48	1.0	2.094693249659215
25x15	1.0	3.2045057365554466
39x21	1.0	1.5770272628686273
49x39	1.0	2.1585341310942057
29x27	1.0	1.8002815460214867
42x41	1.0	2.982222054067891
12x13	1.0	1.0629489120442959
30x41	1.0	2.766409354772158
47x31	1.0	1.2742519363255236
5x26	1.0	1.9508174262050981
17x31	1.0	2.408484771195258
14x14	1.0	1.8965705992060893
42x30	1.0	3.2566004283023964
2x46	1.0	3.2275519278662905
21x17	1.0	2.458240776454302
19x17	1.0	3.1789668292605278
27x31	1.0	1.9684775005558242
18x44	1.0	2.896375219558771
34x20	1.0	2.4644066433750544
7x20	1.0	2.6589687249598377
36x20	1.0	2.2635916444970743
44x22	1.0	1.6235381733797678
45x42	1.0	1.9293010006713525
42x47	1.0	3.7151251002771426
26x36	1.0	2.7928689379301472
21x26	1.0	1.9293010006713525
48x46	1.0	1.3498042102003092
7x29	1.0	2.8283438694202334
1x9	1.0	2.4028795943021843
19x40	1.0	1.8242223947745868
34x48	1.0	1.3143051175100187
18x38	1.0	1.8748584677905173
43x3	1.0	2.782312254240054
29x29	1.0	2.988235414445045
8x24	1.0	1.0
28x16	1.0	1.7717128000477056
10x43	1.0	3.131097536469928
13x9	1.0	1.9601317042077895
37x18	1.0	2.3140747166370557
45x21	1.0	2.7691937656350345
33x46	1.0	1.4594411570435957
39x26	1.0	1.9316749438197114
33x33	1.0	1.1993986213536356
12x14	1.0	2.4460765910968383
17x26	1.0	2.1357872820419557
28x25	1.0	1.6103257174420074
40x6	1.0	2.5505163186619964
32x31	1.0	2.257021483093202
19x39	1.0	1.8337144492035307
40x48	1.0	1.2865300266079056
16x24	1.0	1.5770272628686273
30x2	1.0	2.071641527386597
5x31	1.0	2.1162640276057565
25x24	1.0	3.0833003925833244
30x48	1.0	1.0
11x2	1.0	2.2897303054387628
7x9	1.0	1.1821820017846416
17x44	1.0	1.9938748725756539
9x30	1.0	3.2519215553578564
22x5	1.0	3.2077016324162715
1x38	1.0	1.7160906507667715
35x20	1.0	2.9291808179471786
3x30	1.0	2.6039634466841464
21x4	1.0	1.3329097102826746
9x46	1.0	3.5198250339621353
14x21	1.0	2.2819450983573093
35x4	1.0	3.610756121324778
40x50	1.0	2.9119433402881127
44x4	1.0	2.1890201138123646
47x35	1.0	1.9030461400616208
33x39	1.0	2.1721432872994435
37x17	1.0	2.651268838439776
3x22	1.0	2.0977914590473783
20x9	1.0	3.658843875870915
21x50	1.0	2.384182433599819
31x39	1.0	2.5927168773628253
11x9	1.0	2.0452375227779993
46x4	1.0	2.1872803314603506
32x47	1.0	2.173447825205894
27x49	1.0	2.1357872820419557
13x11	1.0	1.384145488461686
10x28	1.0	2.9740092201121517
23x20	1.0	3.354462743453522
47x41	1.0	1.5169563213688035
36x34	1.0	1.0629489120442959
41x9	1.0	3.139331112231136
38x11	1.0	2.939730954481179
39x5	1.0	3.1090047000059062
46x32	1.0	2.4225141070348903
25x7	1.0	1.536150660015789
40x22	1.0	2.6580094540024795
44x28	1.0	2.97132790222193
27x35	1.0	2.2014705659988314
3x21	1.0	2.568567607415555
22x30	1.0	1.8798936503650017
10x11	1.0	1.2775319170740629
4x20	1.0	2.365173523311059
47x2	1.0	1.742076667867281
46x36	1.0	3.248706592203823
3x39	1.0	1.805508457957155
19x13	1.0	2.259958402852007
28x17	1.0	1.0
22x19	1.0	2.5080908046050836
46x7	1.0	1.6329149335712032
47x44	1.0	2.525938098095473
1x44	1.0	1.129719339224618
47x9	1.0	2.151925991115854
2x45	1.0	2.075002119094349
5x3	1.0	3.406385682123654
30x24	1.0	1.9955571994469739
33x1	1.0	3.7790110343548977
11x18	1.0	1.8242223947745868
6x16	1.0	1.4189893581950943
43x50	1.0	2.8756961695043595
4x28	1.0	2.4744034548238742
35x24	1.0	2.7954430202343485
6x21	1.0	2.6460718527507168
2x31	1.0	2.603549250945983
28x11	1.0	1.0629489120442959
42x24	1.0	1.433280944444334
47x25	1.0	2.1084027684832902
33x7	1.0	2.9254393783029484
43x46	1.0	2.9816354290268277
34x37	1.0	2.083280883758133
3x41	1.0	1.847921426083977
20x8	1.0	3.176950837195386
1x26	1.0	1.4189893581950943
6x2	1.0	1.9758509044500678
43x18	1.0	1.0629489120442959
19x42	1.0	1.634575078913038
8x12	1.0	1.0
10x30	1.0	2.2582489601022377
26x23	1.0	2.622824442855594
47x48	1.0	1.9508174262050981
17x12	1.0	2.148935602948729
20x26	1.0	1.4496604482346787
47x23	1.0	1.7858869300686604
7x40	1.0	2.521811959725599
6x34	1.0	1.858903507711174
13x15	1.0	1.858903507711174
35x48	1.0	1.3498042102003092
18x23	1.0	1.6138800634778396
21x29	1.0	2.8256747587577227
1x47	1.0	1.2865300266079056
18x22	1.0	2.5114146699407875
19x46	1.0	2.892620831289387
45x18	1.0	1.961903291658637
27x30	1.0	3.83951651782029
28x29	1.0	1.4174111811317323
6x30	1.0	2.6139646015458795
6x38	1.0	3.245945671412298
11x39	1.0	2.065103739008911
36x44	1.0	1.2561231270628248
9x23	1.0	3.602540707170871
2x3	1.0	1.8917331102125812
22x45	1.0	2.47181516543934
39x43	1.0	1.6936156544798437
38x31	1.0	1.384145488461686
45x32	1.0	2.644492294872072
18x24	1.0	2.071641527386597
23x43	1.0	2.825607445964544
36x48	1.0	3.010614205565397
39x2	1.0	2.1657853436613794
10x14	1.0	1.9293010006713525
37x48	1.0	1.957773851276386
22x47	1.0	2.5284774782180004
23x42	1.0	1.8049171046190822
10x44	1.0	2.1715897554109196
6x24	1.0	1.721632177609972
24x24	1.0	2.1883393400480835
39x24	1.0	1.8358430560463772
5x48	1.0	1.353599817927607
30x18	1.0	2.075002119094349
10x18	1.0	1.0629489120442959
18x34	1.0	2.1961399209935424
44x18	1.0	1.9278487942611164
6x1	1.0	1.6947383602590194
36x18	1.0	1.7685656356352073
45x41	1.0	1.9842263372497855
42x34	1.0	1.8898815748423097
47x16	1.0	2.9455506226976285
33x13	1.0	2.756093211719308
18x36	1.0	1.8508698158770196
15x3	1.0	2.986369611422282
44x14	1.0	2.1031384839880625
46x13	1.0	3.0861156162600913
20x38	1.0	1.9213829945353078
31x16	1.0	3.1459935233231144
46x31	1.0	2.1031384839880625
37x9	1.0	2.724911106873089
17x48	1.0	2.295633506133007
6x7	1.0	1.875210549212799
3x11	1.0	1.0629489120442959
23x12	1.0	1.3498042102003092
27x11	1.0	2.1709905237095577
13x48	1.0	2.5533269130377096
39x6	1.0	2.765600488034496
20x44	1.0	1.664575281361722
44x41	1.0	3.6564352086075615
6x42	1.0	1.858903507711174
35x21	1.0	2.877756284014782
13x47	1.0	3.9486270493366447
4x3	1.0	2.7764256759062835
27x42	1.0	1.384145488461686
14x5	1.0	1.8089873868742816
4x47	1.0	2.540885187266404
31x18	1.0	1.7439436718422865
2x21	1.0	2.976294407248693
43x47	1.0	3.623000876473435
49x45	1.0	1.961252363090238
46x34	1.0	2.50086327014253
25x32	1.0	2.1324985410101434
22x34	1.0	1.5691925832141966
2x7	1.0	1.0
21x23	1.0	2.099745541866596
36x26	1.0	1.5968086490910351
28x2	1.0	1.0629489120442959
2x41	1.0	2.111879998586905
18x31	1.0	1.9039668606822715
8x40	1.0	2.0508607020953096
47x26	1.0	5.0481643266168525
45x35	1.0	1.3666424669493191
34x22	1.0	1.540683165014507
36x39	1.0	2.7987940711200494
3x34	1.0	1.7653635436855506
23x22	1.0	1.612108618471457
5x25	1.0	3.139114330988619
50x48	1.0	4.614854680412671
38x26	1.0	1.4496604482346787
24x49	1.0	2.8817589421483354
3x12	1.0	1.0
37x34	1.0	1.0
23x1	1.0	2.3404886815114274
16x40	1.0	1.87876684532157
26x8	1.0	1.9593074106876123
23x47	1.0	2.937707299241599
7x30	1.0	2.7620911381316935
4x12	1.0	1.0
14x9	1.0	1.9293010006713525
9x43	1.0	2.954351360490551
9x42	1.0	2.946050010087361
35x40	1.0	2.734377742376525
45x3	1.0	1.8945220472981728
34x50	1.0	1.7858869300686604
46x37	1.0	2.8199700698444228
8x31	1.0	1.1821820017846416
4x42	1.0	2.4293607792918626
17x35	1.0	1.9758509044500678
6x3	1.0	2.409971863409611
47x21	1.0	1.1124513000098186
33x17	1.0	2.8482142762521767
29x47	1.0	2.5779818793590965
11x15	1.0	1.3143051175100187
14x11	1.0	1.0
30x22	1.0	2.3683697101509766
4x7	1.0	1.0629489120442959
48x48	1.0	3.271742632545909
4x44	1.0	1.0629489120442959
10x22	1.0	2.7532626443655874
45x31	1.0	3.0953686891365457
37x19	1.0	2.188681744812619
10x13	1.0	1.0
7x18	1.0	1.3143051175100187
23x13	1.0	1.7750359878713748
17x46	1.0	2.969518859338392
43x17	1.0	1.8898815748423097
21x2	1.0	1.353599817927607
5x8	1.0	2.3644040173824363
37x7	1.0	2.9667066973289513
13x35	1.0	1.5112696486407828
27x15	1.0	1.7530222830941102
43x41	1.0	1.664575281361722
14x31	1.0	1.540683165014507
39x49	1.0	2.7064577930637777
40x19	1.0	2.0869473904548124
7x41	1.0	1.721632177609972
7x15	1.0	1.1573636997031709
4x31	1.0	1.6493848884661177
15x48	1.0	1.2297525316960332
19x29	1.0	2.744540753839302
8x18	1.0	1.0
31x34	1.0	1.2775319170740629
34x24	1.0	1.0
27x1	1.0	1.9980250163188582
26x44	1.0	1.0629489120442959
29x50	1.0	2.5318382455705692
19x21	1.0	2.6424004745232197
37x42	1.0	1.9239097134381211
19x36	1.0	1.4189893581950943
5x17	1.0	2.3644040173824363
19x48	1.0	1.2742519363255236
28x14	1.0	2.0402934051281285
3x43	1.0	2.962043466162519
42x12	1.0	1.5112696486407828
42x11	1.0	3.1077640986946067
41x34	1.0	1.1573636997031709
18x8	1.0	2.3646159319090607
11x45	1.0	2.9828531736959283
34x7	1.0	1.760783157254343
25x48	1.0	1.3769076856810996
3x24	1.0	1.9684775005558242
34x5	1.0	2.4891500094224717
27x34	1.0	1.1124513000098186
37x11	1.0	2.8814739140513637
12x42	1.0	1.9508753765138143
6x9	1.0	2.0142802092369325
42x44	1.0	2.611462029767847
2x42	1.0	2.7555846651321345
4x32	1.0	2.9192561233390872
24x47	1.0	1.8665169407472009
43x21	1.0	2.66709451280821
21x39	1.0	1.1573636997031709
4x36	1.0	2.9853326887527034
10x34	1.0	2.4328601295450647
6x48	1.0	1.4695444079955613
10x5	1.0	2.532569885540829
3x6	1.0	1.9892945632210808
10x50	1.0	1.6153734948965979
13x31	1.0	1.6235381733797678
3x26	1.0	1.8242223947745868
31x41	1.0	2.1984356961191245
49x22	1.0	1.0
24x41	1.0	2.0506514241681377
9x26	1.0	1.9171085279079858
34x15	1.0	2.0470079512121866
34x44	1.0	1.8242223947745868
1x48	1.0	1.1124513000098186
17x22	1.0	2.439258840528431
32x48	1.0	2.4162460487115167
3x48	1.0	1.0
10x16	1.0	1.0
21x5	1.0	1.2742519363255236
9x17	1.0	2.083280883758133
6x18	1.0	2.3098974110639348
37x40	1.0	2.3414243964883443
34x30	1.0	2.201094448796134
20x24	1.0	2.1403435030918163
18x26	1.0	1.9938748725756539
9x41	1.0	1.8242223947745868
13x24	1.0	1.0629489120442959
13x26	1.0	1.1124513000098186
12x31	1.0	1.9601317042077895
14x26	1.0	1.540683165014507
28x41	1.0	2.920224771496429
7x34	1.0	1.9980250163188582
13x8	1.0	2.9770380971244816
27x48	1.0	1.8561024671553648
37x44	1.0	1.9876669750024174
35x2	1.0	2.0252001804118476
12x24	1.0	1.9601317042077895
6x44	1.0	1.2561231270628248
29x34	1.0	1.0629489120442959
10x26	1.0	1.6743501066402542
34x39	1.0	2.0142802092369325
5x34	1.0	1.9508174262050981
29x2	1.0	2.272125264858494
47x32	1.0	2.624035242204298
2x28	1.0	2.6156657632173257
2x48	1.0	1.0
25x16	1.0	2.720472141461479
25x26	1.0	1.2561231270628248
2x9	1.0	1.6753246265664317
7x4	1.0	2.728461208775439
19x24	1.0	1.8898815748423097
28x44	1.0	1.6339160394600947
43x44	1.0	3.0353354461421866
13x43	1.0	1.9405389688048973
7x48	1.0	1.0629489120442959
2x44	1.0	1.9130509448301056
27x41	1.0	1.8420227750373133
45x48	1.0	2.1710058242445553
22x48	1.0	2.816600206309597
28x48	1.0	1.3569045427875668
5x7	1.0	2.0890497820320317
4x48	1.0	1.0
5x2	1.0	2.892530819698235
27x26	1.0	1.1573636997031709
21x32	1.0	2.688102604884479
2x34	1.0	1.9995061931586
31x44	1.0	3.932850245418984
19x26	1.0	1.0
28x7	1.0	1.4496604482346787
9x18	1.0	1.0629489120442959
10x41	1.0	1.7439436718422865
8x38	1.0	2.6076692689112586
26x48	1.0	1.2005324366896724
31x26	1.0	2.6992988846449406
16x34	1.0	1.1573636997031709
19x34	1.0	1.1821820017846416
37x26	1.0	1.99210395551597
2x26	1.0	1.9684775005558242
30x26	1.0	1.7531434264506585
23x48	1.0	2.627051545830503
8x44	1.0	1.3141181485141191
5x44	1.0	1.1573636997031709
